{
    "full": {
        "north": 42.332647219597874, 
        "east": -82.97526177835718, 
        "south": 42.27831858572753, 
        "west": -83.08123572458778
},

    "walking": {
        "north": 42.32039224832573, 
        "east": -83.0358746330448, 
        "south": 42.317447332315425, 
        "west": -83.04902997613212
},
    "bus": {
        "north": 42.3287, 
        "east": -82.9915, 
        "south": 42.2988, 
        "west": -83.0789
}
}