{
  "north": 42.332647219597874,
  "east": -82.97526177835718,
  "south": 42.27831858572753,
  "west": -83.08123572458778
}
