{
  "north": 42.3155,
  "east": -83.0328116,
  "south": 42.3212431,
  "west": -83.0491
}
