{
  "north": 42.32039224832573,
  "east": -83.0358746330448,
  "south": 42.317447332315425,
  "west": -83.04902997613212
}
